<?xml version="1.0" encoding="UTF-8"?>
<beans xmlns="http://www.springframework.org/schema/beans"
       xmlns:xsi="http://www.w3.org/2001/XMLSchema-instance"
       xsi:schemaLocation="http://www.springframework.org/schema/beans
       http://www.springframework.org/schema/beans/spring-beans.xsd">

    <!-- Departments -->
    <bean id="dept1" class="com.example.model.Department">
        <constructor-arg value="1"/>
        <constructor-arg value="Engineering"/>
    </bean>
    <bean id="dept2" class="com.example.model.Department">
        <constructor-arg value="2"/>
        <constructor-arg value="HR"/>
    </bean>
    <bean id="dept3" class="com.example.model.Department">
        <constructor-arg value="3"/>
        <constructor-arg value="Finance"/>
    </bean>

    <!-- Skills -->
    <bean id="skill1" class="com.example.model.Skill">
        <constructor-arg value="1"/>
        <constructor-arg value="Java"/>
    </bean>
    <bean id="skill2" class="com.example.model.Skill">
        <constructor-arg value="2"/>
        <constructor-arg value="Spring"/>
    </bean>
    <bean id="skill3" class="com.example.model.Skill">
        <constructor-arg value="3"/>
        <constructor-arg value="Angular"/>
    </bean>

    <!-- Employees -->
    <bean id="emp1" class="com.example.model.Employee">
        <constructor-arg value="101"/>
        <constructor-arg value="John Doe"/>
        <constructor-arg ref="dept1"/>
        <constructor-arg>
            <list>
                <ref bean="skill1"/>
                <ref bean="skill2"/>
            </list>
        </constructor-arg>
    </bean>
    <bean id="emp2" class="com.example.model.Employee">
        <constructor-arg value="102"/>
        <constructor-arg value="Jane Smith"/>
        <constructor-arg ref="dept2"/>
        <constructor-arg>
            <list>
                <ref bean="skill2"/>
                <ref bean="skill3"/>
            </list>
        </constructor-arg>
    </bean>
    <bean id="emp3" class="com.example.model.Employee">
        <constructor-arg value="103"/>
        <constructor-arg value="Alice Brown"/>
        <constructor-arg ref="dept3"/>
        <constructor-arg>
            <list>
                <ref bean="skill1"/>
                <ref bean="skill3"/>
            </list>
        </constructor-arg>
    </bean>
    <bean id="emp4" class="com.example.model.Employee">
        <constructor-arg value="104"/>
        <constructor-arg value="Bob White"/>
        <constructor-arg ref="dept1"/>
        <constructor-arg>
            <list>
                <ref bean="skill1"/>
                <ref bean="skill2"/>
                <ref bean="skill3"/>
            </list>
        </constructor-arg>
    </bean>

    <!-- Employee List -->
    <bean id="employeeList" class="java.util.ArrayList">
        <constructor-arg>
            <list>
                <ref bean="emp1"/>
                <ref bean="emp2"/>
                <ref bean="emp3"/>
                <ref bean="emp4"/>
            </list>
        </constructor-arg>
    </bean>

</beans>
