<?xml version="1.0" encoding="UTF-8"?>
<beans xmlns="http://www.springframework.org/schema/beans"
       xmlns:xsi="http://www.w3.org/2001/XMLSchema-instance"
       xsi:schemaLocation="http://www.springframework.org/schema/beans
       http://www.springframework.org/schema/beans/spring-beans.xsd">

    <util:list id="departmentList" value-type="com.example.department.Department">
        <bean class="com.example.department.Department">
            <constructor-arg value="1"/>
            <constructor-arg value="HR"/>
        </bean>
        <bean class="com.example.department.Department">
            <constructor-arg value="2"/>
            <constructor-arg value="Finance"/>
        </bean>
        <bean class="com.example.department.Department">
            <constructor-arg value="3"/>
            <constructor-arg value="IT"/>
        </bean>
    </util:list>

</beans>
